id,utcDate,status,matchday,lastUpdated,home_team,away_team,home_score,away_score,winner
435943,2023-08-11 19:00:00+00:00,FINISHED,1,2024-06-02T20:20:54Z,Burnley FC,Manchester City FC,0,3,AWAY_TEAM
435944,2023-08-12 12:00:00+00:00,FINISHED,1,2023-09-19T20:20:30Z,Arsenal FC,Nottingham Forest FC,2,1,HOME_TEAM
435945,2023-08-12 14:00:00+00:00,FINISHED,1,2023-09-19T20:20:30Z,AFC Bournemouth,West Ham United FC,1,1,DRAW
435946,2023-08-12 14:00:00+00:00,FINISHED,1,2023-09-19T20:20:30Z,Brighton & Hove Albion FC,Luton Town FC,4,1,HOME_TEAM
435947,2023-08-12 14:00:00+00:00,FINISHED,1,2023-09-19T20:20:30Z,Everton FC,Fulham FC,0,1,AWAY_TEAM
435948,2023-08-12 14:00:00+00:00,FINISHED,1,2023-09-19T20:20:30Z,Sheffield United FC,Crystal Palace FC,0,1,AWAY_TEAM
435949,2023-08-12 16:30:00+00:00,FINISHED,1,2023-09-19T20:20:30Z,Newcastle United FC,Aston Villa FC,5,1,HOME_TEAM
435950,2023-08-13 13:00:00+00:00,FINISHED,1,2023-09-19T20:20:30Z,Brentford FC,Tottenham Hotspur FC,2,2,DRAW
435951,2023-08-13 15:30:00+00:00,FINISHED,1,2024-06-02T20:20:54Z,Chelsea FC,Liverpool FC,1,1,DRAW
435952,2023-08-14 19:00:00+00:00,FINISHED,1,2024-06-02T20:20:54Z,Manchester United FC,Wolverhampton Wanderers FC,1,0,HOME_TEAM
435959,2023-08-18 18:45:00+00:00,FINISHED,2,2023-09-19T20:20:30Z,Nottingham Forest FC,Sheffield United FC,2,1,HOME_TEAM
435955,2023-08-19 14:00:00+00:00,FINISHED,2,2023-09-19T20:20:30Z,Fulham FC,Brentford FC,0,3,AWAY_TEAM
435956,2023-08-19 14:00:00+00:00,FINISHED,2,2024-06-02T20:20:54Z,Liverpool FC,AFC Bournemouth,3,1,HOME_TEAM
435962,2023-08-19 14:00:00+00:00,FINISHED,2,2024-06-02T20:20:54Z,Wolverhampton Wanderers FC,Brighton & Hove Albion FC,1,4,AWAY_TEAM
435960,2023-08-19 16:30:00+00:00,FINISHED,2,2023-09-19T20:20:30Z,Tottenham Hotspur FC,Manchester United FC,2,0,HOME_TEAM
435958,2023-08-19 19:00:00+00:00,FINISHED,2,2024-06-02T20:20:54Z,Manchester City FC,Newcastle United FC,1,0,HOME_TEAM
435953,2023-08-20 13:00:00+00:00,FINISHED,2,2023-09-19T20:20:30Z,Aston Villa FC,Everton FC,4,0,HOME_TEAM
435961,2023-08-20 15:30:00+00:00,FINISHED,2,2024-06-02T20:20:54Z,West Ham United FC,Chelsea FC,3,1,HOME_TEAM
435954,2023-08-21 19:00:00+00:00,FINISHED,2,2023-09-19T20:20:30Z,Crystal Palace FC,Arsenal FC,0,1,AWAY_TEAM
435968,2023-08-25 19:00:00+00:00,FINISHED,3,2024-06-02T20:20:54Z,Chelsea FC,Luton Town FC,3,0,HOME_TEAM
435963,2023-08-26 11:30:00+00:00,FINISHED,3,2023-09-19T20:20:30Z,AFC Bournemouth,Tottenham Hotspur FC,0,2,AWAY_TEAM
435969,2023-08-26 14:00:00+00:00,FINISHED,3,2024-06-02T20:20:54Z,Everton FC,Wolverhampton Wanderers FC,0,1,AWAY_TEAM
435970,2023-08-26 14:00:00+00:00,FINISHED,3,2023-09-19T20:20:31Z,Manchester United FC,Nottingham Forest FC,3,2,HOME_TEAM
435964,2023-08-26 14:00:00+00:00,FINISHED,3,2023-09-19T20:20:30Z,Arsenal FC,Fulham FC,2,2,DRAW
435965,2023-08-26 14:00:00+00:00,FINISHED,3,2023-09-19T20:20:30Z,Brentford FC,Crystal Palace FC,1,1,DRAW
435966,2023-08-26 16:30:00+00:00,FINISHED,3,2023-09-19T20:20:31Z,Brighton & Hove Albion FC,West Ham United FC,1,3,AWAY_TEAM
435972,2023-08-27 13:00:00+00:00,FINISHED,3,2024-06-02T20:20:54Z,Sheffield United FC,Manchester City FC,1,2,AWAY_TEAM
435967,2023-08-27 13:00:00+00:00,FINISHED,3,2023-09-19T20:20:31Z,Burnley FC,Aston Villa FC,1,3,AWAY_TEAM
435971,2023-08-27 15:30:00+00:00,FINISHED,3,2024-06-02T20:20:54Z,Newcastle United FC,Liverpool FC,1,2,AWAY_TEAM
435980,2023-09-01 19:00:00+00:00,FINISHED,4,2023-09-19T20:20:31Z,Luton Town FC,West Ham United FC,1,2,AWAY_TEAM
435982,2023-09-02 11:30:00+00:00,FINISHED,4,2023-09-19T20:20:31Z,Sheffield United FC,Everton FC,2,2,DRAW
435974,2023-09-02 14:00:00+00:00,FINISHED,4,2023-09-19T20:20:31Z,Brentford FC,AFC Bournemouth,2,2,DRAW
435976,2023-09-02 14:00:00+00:00,FINISHED,4,2023-09-19T20:20:31Z,Burnley FC,Tottenham Hotspur FC,2,5,AWAY_TEAM
435977,2023-09-02 14:00:00+00:00,FINISHED,4,2024-06-02T20:20:54Z,Chelsea FC,Nottingham Forest FC,0,1,AWAY_TEAM
435981,2023-09-02 14:00:00+00:00,FINISHED,4,2024-06-02T20:20:54Z,Manchester City FC,Fulham FC,5,1,HOME_TEAM
435975,2023-09-02 16:30:00+00:00,FINISHED,4,2023-09-19T20:20:31Z,Brighton & Hove Albion FC,Newcastle United FC,3,1,HOME_TEAM
435978,2023-09-03 13:00:00+00:00,FINISHED,4,2024-06-02T20:20:54Z,Crystal Palace FC,Wolverhampton Wanderers FC,3,2,HOME_TEAM
435979,2023-09-03 13:00:00+00:00,FINISHED,4,2024-06-02T20:20:54Z,Liverpool FC,Aston Villa FC,3,0,HOME_TEAM
435973,2023-09-03 15:30:00+00:00,FINISHED,4,2023-09-19T20:20:31Z,Arsenal FC,Manchester United FC,3,1,HOME_TEAM
435992,2023-09-16 11:30:00+00:00,FINISHED,5,2024-06-02T20:20:54Z,Wolverhampton Wanderers FC,Liverpool FC,1,3,AWAY_TEAM
435984,2023-09-16 14:00:00+00:00,FINISHED,5,2023-09-19T20:20:31Z,Aston Villa FC,Crystal Palace FC,3,1,HOME_TEAM
435986,2023-09-16 14:00:00+00:00,FINISHED,5,2023-09-19T20:20:31Z,Fulham FC,Luton Town FC,1,0,HOME_TEAM
435987,2023-09-16 14:00:00+00:00,FINISHED,5,2023-09-19T20:20:32Z,Manchester United FC,Brighton & Hove Albion FC,1,3,AWAY_TEAM
435990,2023-09-16 14:00:00+00:00,FINISHED,5,2023-09-19T20:20:32Z,Tottenham Hotspur FC,Sheffield United FC,2,1,HOME_TEAM
435991,2023-09-16 14:00:00+00:00,FINISHED,5,2024-06-02T20:20:54Z,West Ham United FC,Manchester City FC,1,3,AWAY_TEAM
435988,2023-09-16 16:30:00+00:00,FINISHED,5,2023-09-19T20:20:32Z,Newcastle United FC,Brentford FC,1,0,HOME_TEAM
435983,2023-09-17 13:00:00+00:00,FINISHED,5,2024-06-02T20:20:54Z,AFC Bournemouth,Chelsea FC,0,0,DRAW
435985,2023-09-17 15:30:00+00:00,FINISHED,5,2023-09-19T20:20:32Z,Everton FC,Arsenal FC,0,1,AWAY_TEAM
435989,2023-09-18 18:45:00+00:00,FINISHED,5,2023-09-19T20:20:32Z,Nottingham Forest FC,Burnley FC,1,1,DRAW
435998,2023-09-23 14:00:00+00:00,FINISHED,6,2023-09-24T00:20:22Z,Crystal Palace FC,Fulham FC,0,0,DRAW
436000,2023-09-23 14:00:00+00:00,FINISHED,6,2024-06-02T20:20:54Z,Luton Town FC,Wolverhampton Wanderers FC,1,1,DRAW
436001,2023-09-23 14:00:00+00:00,FINISHED,6,2024-06-02T20:20:54Z,Manchester City FC,Nottingham Forest FC,2,0,HOME_TEAM
435994,2023-09-23 16:30:00+00:00,FINISHED,6,2023-09-24T00:20:22Z,Brentford FC,Everton FC,1,3,AWAY_TEAM
435996,2023-09-23 19:00:00+00:00,FINISHED,6,2023-09-24T00:20:22Z,Burnley FC,Manchester United FC,0,1,AWAY_TEAM
435993,2023-09-24 13:00:00+00:00,FINISHED,6,2023-09-24T20:20:16Z,Arsenal FC,Tottenham Hotspur FC,2,2,DRAW
435995,2023-09-24 13:00:00+00:00,FINISHED,6,2023-09-24T20:20:17Z,Brighton & Hove Albion FC,AFC Bournemouth,3,1,HOME_TEAM
435997,2023-09-24 13:00:00+00:00,FINISHED,6,2024-06-02T20:20:54Z,Chelsea FC,Aston Villa FC,0,1,AWAY_TEAM
435999,2023-09-24 13:00:00+00:00,FINISHED,6,2024-06-02T20:20:54Z,Liverpool FC,West Ham United FC,3,1,HOME_TEAM
436002,2023-09-24 15:30:00+00:00,FINISHED,6,2023-09-24T20:20:17Z,Sheffield United FC,Newcastle United FC,0,8,AWAY_TEAM
436004,2023-09-30 11:30:00+00:00,FINISHED,7,2023-10-01T00:21:18Z,Aston Villa FC,Brighton & Hove Albion FC,6,1,HOME_TEAM
436003,2023-09-30 14:00:00+00:00,FINISHED,7,2023-10-09T15:20:25Z,AFC Bournemouth,Arsenal FC,0,4,AWAY_TEAM
436005,2023-09-30 14:00:00+00:00,FINISHED,7,2023-10-01T00:21:18Z,Everton FC,Luton Town FC,1,2,AWAY_TEAM
436007,2023-09-30 14:00:00+00:00,FINISHED,7,2023-10-01T00:21:18Z,Manchester United FC,Crystal Palace FC,0,1,AWAY_TEAM
436008,2023-09-30 14:00:00+00:00,FINISHED,7,2023-10-01T00:21:18Z,Newcastle United FC,Burnley FC,2,0,HOME_TEAM
436011,2023-09-30 14:00:00+00:00,FINISHED,7,2023-09-30T17:59:05Z,West Ham United FC,Sheffield United FC,2,0,HOME_TEAM
436012,2023-09-30 14:00:00+00:00,FINISHED,7,2024-06-02T20:20:54Z,Wolverhampton Wanderers FC,Manchester City FC,2,1,HOME_TEAM
436010,2023-09-30 16:30:00+00:00,FINISHED,7,2024-06-02T20:20:54Z,Tottenham Hotspur FC,Liverpool FC,2,1,HOME_TEAM
436009,2023-10-01 13:00:00+00:00,FINISHED,7,2023-10-01T20:20:57Z,Nottingham Forest FC,Brentford FC,1,1,DRAW
436006,2023-10-02 19:00:00+00:00,FINISHED,7,2024-06-02T20:20:54Z,Fulham FC,Chelsea FC,0,2,AWAY_TEAM
435957,2023-10-03 18:30:00+00:00,FINISHED,2,2023-10-09T15:20:25Z,Luton Town FC,Burnley FC,1,2,AWAY_TEAM
436019,2023-10-07 11:30:00+00:00,FINISHED,8,2023-10-09T15:20:25Z,Luton Town FC,Tottenham Hotspur FC,0,1,AWAY_TEAM
436015,2023-10-07 14:00:00+00:00,FINISHED,8,2024-06-02T20:20:54Z,Burnley FC,Chelsea FC,1,4,AWAY_TEAM
436017,2023-10-07 14:00:00+00:00,FINISHED,8,2023-10-09T15:20:25Z,Everton FC,AFC Bournemouth,3,0,HOME_TEAM
436018,2023-10-07 14:00:00+00:00,FINISHED,8,2023-10-09T15:20:25Z,Fulham FC,Sheffield United FC,3,1,HOME_TEAM
436020,2023-10-07 14:00:00+00:00,FINISHED,8,2023-10-09T15:20:25Z,Manchester United FC,Brentford FC,2,1,HOME_TEAM
436016,2023-10-07 16:30:00+00:00,FINISHED,8,2023-10-09T15:20:25Z,Crystal Palace FC,Nottingham Forest FC,0,0,DRAW
436014,2023-10-08 13:00:00+00:00,FINISHED,8,2024-06-02T20:20:54Z,Brighton & Hove Albion FC,Liverpool FC,2,2,DRAW
436021,2023-10-08 13:00:00+00:00,FINISHED,8,2023-10-09T15:20:25Z,West Ham United FC,Newcastle United FC,2,2,DRAW
436022,2023-10-08 13:00:00+00:00,FINISHED,8,2024-06-02T20:20:54Z,Wolverhampton Wanderers FC,Aston Villa FC,1,1,DRAW
436013,2023-10-08 15:30:00+00:00,FINISHED,8,2024-06-02T20:20:54Z,Arsenal FC,Manchester City FC,1,0,HOME_TEAM
436027,2023-10-21 11:30:00+00:00,FINISHED,9,2024-06-02T20:20:54Z,Liverpool FC,Everton FC,2,0,HOME_TEAM
436023,2023-10-21 14:00:00+00:00,FINISHED,9,2024-06-02T20:20:54Z,AFC Bournemouth,Wolverhampton Wanderers FC,1,2,AWAY_TEAM
436025,2023-10-21 14:00:00+00:00,FINISHED,9,2023-10-22T00:21:16Z,Brentford FC,Burnley FC,3,0,HOME_TEAM
436028,2023-10-21 14:00:00+00:00,FINISHED,9,2024-06-02T20:20:54Z,Manchester City FC,Brighton & Hove Albion FC,2,1,HOME_TEAM
436029,2023-10-21 14:00:00+00:00,FINISHED,9,2023-10-22T00:21:16Z,Newcastle United FC,Crystal Palace FC,4,0,HOME_TEAM
436030,2023-10-21 14:00:00+00:00,FINISHED,9,2023-10-22T00:21:16Z,Nottingham Forest FC,Luton Town FC,2,2,DRAW
436026,2023-10-21 16:30:00+00:00,FINISHED,9,2024-06-02T20:20:54Z,Chelsea FC,Arsenal FC,2,2,DRAW
436031,2023-10-21 19:00:00+00:00,FINISHED,9,2023-10-22T00:21:16Z,Sheffield United FC,Manchester United FC,1,2,AWAY_TEAM
436024,2023-10-22 15:30:00+00:00,FINISHED,9,2023-10-22T20:20:59Z,Aston Villa FC,West Ham United FC,4,1,HOME_TEAM
436032,2023-10-23 19:00:00+00:00,FINISHED,9,2023-10-24T00:21:24Z,Tottenham Hotspur FC,Fulham FC,2,0,HOME_TEAM
436038,2023-10-27 19:00:00+00:00,FINISHED,10,2023-10-28T00:21:25Z,Crystal Palace FC,Tottenham Hotspur FC,1,2,AWAY_TEAM
436037,2023-10-28 11:30:00+00:00,FINISHED,10,2024-06-02T20:20:54Z,Chelsea FC,Brentford FC,0,2,AWAY_TEAM
436033,2023-10-28 14:00:00+00:00,FINISHED,10,2023-10-28T18:02:24Z,AFC Bournemouth,Burnley FC,2,1,HOME_TEAM
436034,2023-10-28 14:00:00+00:00,FINISHED,10,2023-10-28T18:31:23Z,Arsenal FC,Sheffield United FC,5,0,HOME_TEAM
436042,2023-10-28 16:30:00+00:00,FINISHED,10,2024-06-02T20:20:54Z,Wolverhampton Wanderers FC,Newcastle United FC,2,2,DRAW
436041,2023-10-29 13:00:00+00:00,FINISHED,10,2023-10-29T15:58:43Z,West Ham United FC,Everton FC,0,1,AWAY_TEAM
436035,2023-10-29 14:00:00+00:00,FINISHED,10,2023-10-29T20:20:52Z,Aston Villa FC,Luton Town FC,3,1,HOME_TEAM
436036,2023-10-29 14:00:00+00:00,FINISHED,10,2023-10-29T20:20:52Z,Brighton & Hove Albion FC,Fulham FC,1,1,DRAW
436039,2023-10-29 14:00:00+00:00,FINISHED,10,2024-06-02T20:20:54Z,Liverpool FC,Nottingham Forest FC,3,0,HOME_TEAM
436040,2023-10-29 15:30:00+00:00,FINISHED,10,2024-06-02T20:20:54Z,Manchester United FC,Manchester City FC,0,3,AWAY_TEAM
436046,2023-11-04 12:30:00+00:00,FINISHED,11,2023-11-05T00:20:43Z,Fulham FC,Manchester United FC,0,1,AWAY_TEAM
436043,2023-11-04 15:00:00+00:00,FINISHED,11,2023-11-05T00:20:43Z,Brentford FC,West Ham United FC,3,2,HOME_TEAM
436044,2023-11-04 15:00:00+00:00,FINISHED,11,2023-11-05T00:20:43Z,Burnley FC,Crystal Palace FC,0,2,AWAY_TEAM
436045,2023-11-04 15:00:00+00:00,FINISHED,11,2023-11-05T00:20:43Z,Everton FC,Brighton & Hove Albion FC,1,1,DRAW
436048,2023-11-04 15:00:00+00:00,FINISHED,11,2024-06-02T20:20:54Z,Manchester City FC,AFC Bournemouth,6,1,HOME_TEAM
436051,2023-11-04 15:00:00+00:00,FINISHED,11,2024-06-02T20:20:54Z,Sheffield United FC,Wolverhampton Wanderers FC,2,1,HOME_TEAM
436049,2023-11-04 17:30:00+00:00,FINISHED,11,2023-11-05T00:20:43Z,Newcastle United FC,Arsenal FC,1,0,HOME_TEAM
436050,2023-11-05 14:00:00+00:00,FINISHED,11,2023-11-05T20:20:51Z,Nottingham Forest FC,Aston Villa FC,2,0,HOME_TEAM
436047,2023-11-05 16:30:00+00:00,FINISHED,11,2024-06-02T20:20:54Z,Luton Town FC,Liverpool FC,1,1,DRAW
436052,2023-11-06 20:00:00+00:00,FINISHED,11,2024-06-02T20:20:54Z,Tottenham Hotspur FC,Chelsea FC,1,4,AWAY_TEAM
436062,2023-11-11 12:30:00+00:00,FINISHED,12,2024-06-02T20:20:54Z,Wolverhampton Wanderers FC,Tottenham Hotspur FC,2,1,HOME_TEAM
436054,2023-11-11 15:00:00+00:00,FINISHED,12,2023-11-12T00:21:21Z,Arsenal FC,Burnley FC,3,1,HOME_TEAM
436058,2023-11-11 15:00:00+00:00,FINISHED,12,2023-11-12T00:21:21Z,Crystal Palace FC,Everton FC,2,3,AWAY_TEAM
436060,2023-11-11 15:00:00+00:00,FINISHED,12,2023-11-12T00:21:21Z,Manchester United FC,Luton Town FC,1,0,HOME_TEAM
436053,2023-11-11 17:30:00+00:00,FINISHED,12,2023-11-12T00:21:21Z,AFC Bournemouth,Newcastle United FC,2,0,HOME_TEAM
436055,2023-11-12 14:00:00+00:00,FINISHED,12,2023-11-15T10:21:24Z,Aston Villa FC,Fulham FC,3,1,HOME_TEAM
436056,2023-11-12 14:00:00+00:00,FINISHED,12,2023-11-15T10:21:24Z,Brighton & Hove Albion FC,Sheffield United FC,1,1,DRAW
436059,2023-11-12 14:00:00+00:00,FINISHED,12,2024-06-02T20:20:54Z,Liverpool FC,Brentford FC,3,0,HOME_TEAM
436061,2023-11-12 14:00:00+00:00,FINISHED,12,2023-11-12T20:20:55Z,West Ham United FC,Nottingham Forest FC,3,2,HOME_TEAM
436057,2023-11-12 16:30:00+00:00,FINISHED,12,2024-06-02T20:20:54Z,Chelsea FC,Manchester City FC,4,4,DRAW
436068,2023-11-25 12:30:00+00:00,FINISHED,13,2024-06-02T20:20:54Z,Manchester City FC,Liverpool FC,1,1,DRAW
436064,2023-11-25 15:00:00+00:00,FINISHED,13,2023-11-29T10:21:19Z,Burnley FC,West Ham United FC,1,2,AWAY_TEAM
436067,2023-11-25 15:00:00+00:00,FINISHED,13,2023-11-26T00:21:22Z,Luton Town FC,Crystal Palace FC,2,1,HOME_TEAM
436069,2023-11-25 15:00:00+00:00,FINISHED,13,2024-06-02T20:20:54Z,Newcastle United FC,Chelsea FC,4,1,HOME_TEAM
436070,2023-11-25 15:00:00+00:00,FINISHED,13,2023-11-26T00:21:22Z,Nottingham Forest FC,Brighton & Hove Albion FC,2,3,AWAY_TEAM
436071,2023-11-25 15:00:00+00:00,FINISHED,13,2023-11-26T00:21:22Z,Sheffield United FC,AFC Bournemouth,1,3,AWAY_TEAM
436063,2023-11-25 17:30:00+00:00,FINISHED,13,2023-11-26T00:21:22Z,Brentford FC,Arsenal FC,0,1,AWAY_TEAM
436072,2023-11-26 14:00:00+00:00,FINISHED,13,2023-11-26T20:21:08Z,Tottenham Hotspur FC,Aston Villa FC,1,2,AWAY_TEAM
436065,2023-11-26 16:30:00+00:00,FINISHED,13,2023-11-29T10:21:19Z,Everton FC,Manchester United FC,0,3,AWAY_TEAM
436066,2023-11-27 20:00:00+00:00,FINISHED,13,2024-06-02T20:20:54Z,Fulham FC,Wolverhampton Wanderers FC,3,2,HOME_TEAM
436074,2023-12-02 15:00:00+00:00,FINISHED,14,2024-06-02T20:20:54Z,Arsenal FC,Wolverhampton Wanderers FC,2,1,HOME_TEAM
436075,2023-12-02 15:00:00+00:00,FINISHED,14,2023-12-03T00:21:15Z,Brentford FC,Luton Town FC,3,1,HOME_TEAM
436076,2023-12-02 15:00:00+00:00,FINISHED,14,2023-12-03T00:21:15Z,Burnley FC,Sheffield United FC,5,0,HOME_TEAM
436081,2023-12-02 17:30:00+00:00,FINISHED,14,2023-12-03T00:21:15Z,Nottingham Forest FC,Everton FC,0,1,AWAY_TEAM
436080,2023-12-02 20:00:00+00:00,FINISHED,14,2023-12-03T00:21:15Z,Newcastle United FC,Manchester United FC,1,0,HOME_TEAM
436073,2023-12-03 14:00:00+00:00,FINISHED,14,2023-12-03T20:21:01Z,AFC Bournemouth,Aston Villa FC,2,2,DRAW
436077,2023-12-03 14:00:00+00:00,FINISHED,14,2024-06-02T20:20:54Z,Chelsea FC,Brighton & Hove Albion FC,3,2,HOME_TEAM
436078,2023-12-03 14:00:00+00:00,FINISHED,14,2024-06-02T20:20:54Z,Liverpool FC,Fulham FC,4,3,HOME_TEAM
436082,2023-12-03 14:00:00+00:00,FINISHED,14,2023-12-03T20:21:01Z,West Ham United FC,Crystal Palace FC,1,1,DRAW
436079,2023-12-03 16:30:00+00:00,FINISHED,14,2024-06-02T20:20:54Z,Manchester City FC,Tottenham Hotspur FC,3,3,DRAW
436090,2023-12-05 19:30:00+00:00,FINISHED,15,2024-06-02T20:20:54Z,Wolverhampton Wanderers FC,Burnley FC,1,0,HOME_TEAM
436087,2023-12-05 20:15:00+00:00,FINISHED,15,2023-12-06T00:20:46Z,Luton Town FC,Arsenal FC,3,4,AWAY_TEAM
436084,2023-12-06 19:30:00+00:00,FINISHED,15,2023-12-07T00:20:38Z,Brighton & Hove Albion FC,Brentford FC,2,1,HOME_TEAM
436086,2023-12-06 19:30:00+00:00,FINISHED,15,2023-12-07T00:20:38Z,Fulham FC,Nottingham Forest FC,5,0,HOME_TEAM
436088,2023-12-06 19:30:00+00:00,FINISHED,15,2024-06-02T20:20:54Z,Sheffield United FC,Liverpool FC,0,2,AWAY_TEAM
436091,2023-12-06 19:30:00+00:00,FINISHED,15,2023-12-07T00:20:38Z,Crystal Palace FC,AFC Bournemouth,0,2,AWAY_TEAM
436083,2023-12-06 20:15:00+00:00,FINISHED,15,2024-06-02T20:20:54Z,Aston Villa FC,Manchester City FC,1,0,HOME_TEAM
436092,2023-12-06 20:15:00+00:00,FINISHED,15,2024-06-02T20:20:54Z,Manchester United FC,Chelsea FC,2,1,HOME_TEAM
436085,2023-12-07 19:30:00+00:00,FINISHED,15,2023-12-17T00:21:17Z,Everton FC,Newcastle United FC,3,0,HOME_TEAM
436089,2023-12-07 20:15:00+00:00,FINISHED,15,2023-12-08T00:20:40Z,Tottenham Hotspur FC,West Ham United FC,1,2,AWAY_TEAM
436095,2023-12-09 12:30:00+00:00,FINISHED,16,2024-06-02T20:20:54Z,Crystal Palace FC,Liverpool FC,1,2,AWAY_TEAM
436094,2023-12-09 15:00:00+00:00,FINISHED,16,2023-12-10T00:21:19Z,Brighton & Hove Albion FC,Burnley FC,1,1,DRAW
436099,2023-12-09 15:00:00+00:00,FINISHED,16,2023-12-10T00:21:19Z,Manchester United FC,AFC Bournemouth,0,3,AWAY_TEAM
436100,2023-12-09 15:00:00+00:00,FINISHED,16,2023-12-10T00:21:19Z,Sheffield United FC,Brentford FC,1,0,HOME_TEAM
436102,2023-12-09 15:00:00+00:00,FINISHED,16,2024-06-02T20:20:54Z,Wolverhampton Wanderers FC,Nottingham Forest FC,1,1,DRAW
436093,2023-12-09 17:30:00+00:00,FINISHED,16,2023-12-10T00:21:19Z,Aston Villa FC,Arsenal FC,1,0,HOME_TEAM
436096,2023-12-10 14:00:00+00:00,FINISHED,16,2024-06-02T20:20:54Z,Everton FC,Chelsea FC,2,0,HOME_TEAM
436097,2023-12-10 14:00:00+00:00,FINISHED,16,2023-12-10T20:21:03Z,Fulham FC,West Ham United FC,5,0,HOME_TEAM
436098,2023-12-10 14:00:00+00:00,FINISHED,16,2024-06-02T20:20:54Z,Luton Town FC,Manchester City FC,1,2,AWAY_TEAM
436101,2023-12-10 16:30:00+00:00,FINISHED,16,2023-12-10T20:21:03Z,Tottenham Hotspur FC,Newcastle United FC,4,1,HOME_TEAM
436111,2023-12-15 20:00:00+00:00,FINISHED,17,2023-12-16T00:21:19Z,Nottingham Forest FC,Tottenham Hotspur FC,0,2,AWAY_TEAM
436107,2023-12-16 15:00:00+00:00,FINISHED,17,2024-06-02T20:20:54Z,Chelsea FC,Sheffield United FC,2,0,HOME_TEAM
436109,2023-12-16 15:00:00+00:00,FINISHED,17,2024-06-02T20:20:54Z,Manchester City FC,Crystal Palace FC,2,2,DRAW
436110,2023-12-16 15:00:00+00:00,FINISHED,17,2023-12-17T00:21:17Z,Newcastle United FC,Fulham FC,3,0,HOME_TEAM
436106,2023-12-16 17:30:00+00:00,FINISHED,17,2023-12-17T00:21:17Z,Burnley FC,Everton FC,0,2,AWAY_TEAM
436104,2023-12-17 14:00:00+00:00,FINISHED,17,2023-12-17T20:20:57Z,Arsenal FC,Brighton & Hove Albion FC,2,0,HOME_TEAM
436105,2023-12-17 14:00:00+00:00,FINISHED,17,2023-12-17T20:20:57Z,Brentford FC,Aston Villa FC,1,2,AWAY_TEAM
436112,2023-12-17 14:00:00+00:00,FINISHED,17,2024-06-02T20:20:54Z,West Ham United FC,Wolverhampton Wanderers FC,3,0,HOME_TEAM
436108,2023-12-17 16:30:00+00:00,FINISHED,17,2024-06-02T20:20:54Z,Liverpool FC,Manchester United FC,0,0,DRAW
436114,2023-12-21 20:00:00+00:00,FINISHED,18,2023-12-22T00:20:43Z,Crystal Palace FC,Brighton & Hove Albion FC,1,1,DRAW
436113,2023-12-22 20:00:00+00:00,FINISHED,18,2023-12-23T05:20:30Z,Aston Villa FC,Sheffield United FC,1,1,DRAW
436121,2023-12-23 12:30:00+00:00,FINISHED,18,2023-12-24T00:21:17Z,West Ham United FC,Manchester United FC,2,0,HOME_TEAM
436115,2023-12-23 15:00:00+00:00,FINISHED,18,2023-12-24T00:21:17Z,Fulham FC,Burnley FC,0,2,AWAY_TEAM
436117,2023-12-23 15:00:00+00:00,FINISHED,18,2023-12-24T00:21:17Z,Luton Town FC,Newcastle United FC,1,0,HOME_TEAM
436119,2023-12-23 15:00:00+00:00,FINISHED,18,2023-12-24T00:21:17Z,Nottingham Forest FC,AFC Bournemouth,2,3,AWAY_TEAM
436120,2023-12-23 15:00:00+00:00,FINISHED,18,2023-12-24T00:21:17Z,Tottenham Hotspur FC,Everton FC,2,1,HOME_TEAM
436116,2023-12-23 17:30:00+00:00,FINISHED,18,2024-06-02T20:20:54Z,Liverpool FC,Arsenal FC,1,1,DRAW
436122,2023-12-24 13:00:00+00:00,FINISHED,18,2024-06-02T20:20:54Z,Wolverhampton Wanderers FC,Chelsea FC,2,1,HOME_TEAM
436131,2023-12-26 12:30:00+00:00,FINISHED,19,2023-12-27T00:21:25Z,Newcastle United FC,Nottingham Forest FC,1,3,AWAY_TEAM
436123,2023-12-26 15:00:00+00:00,FINISHED,19,2023-12-27T00:21:25Z,AFC Bournemouth,Fulham FC,3,0,HOME_TEAM
436132,2023-12-26 15:00:00+00:00,FINISHED,19,2023-12-27T00:21:25Z,Sheffield United FC,Luton Town FC,2,3,AWAY_TEAM
436127,2023-12-26 17:30:00+00:00,FINISHED,19,2024-06-02T20:20:54Z,Burnley FC,Liverpool FC,0,2,AWAY_TEAM
436130,2023-12-26 20:00:00+00:00,FINISHED,19,2024-01-03T15:21:21Z,Manchester United FC,Aston Villa FC,3,2,HOME_TEAM
436125,2023-12-27 19:30:00+00:00,FINISHED,19,2024-06-02T20:20:54Z,Brentford FC,Wolverhampton Wanderers FC,1,4,AWAY_TEAM
436128,2023-12-27 19:30:00+00:00,FINISHED,19,2024-06-02T20:20:54Z,Chelsea FC,Crystal Palace FC,2,1,HOME_TEAM
436129,2023-12-27 20:15:00+00:00,FINISHED,19,2024-06-02T20:20:54Z,Everton FC,Manchester City FC,1,3,AWAY_TEAM
436126,2023-12-28 19:30:00+00:00,FINISHED,19,2023-12-29T00:21:24Z,Brighton & Hove Albion FC,Tottenham Hotspur FC,4,2,HOME_TEAM
436124,2023-12-28 20:15:00+00:00,FINISHED,19,2023-12-29T00:21:24Z,Arsenal FC,West Ham United FC,0,2,AWAY_TEAM
436137,2023-12-30 12:30:00+00:00,FINISHED,20,2024-06-02T20:20:54Z,Luton Town FC,Chelsea FC,2,3,AWAY_TEAM
436133,2023-12-30 15:00:00+00:00,FINISHED,20,2023-12-31T00:21:23Z,Aston Villa FC,Burnley FC,3,2,HOME_TEAM
436134,2023-12-30 15:00:00+00:00,FINISHED,20,2023-12-31T00:21:23Z,Crystal Palace FC,Brentford FC,3,1,HOME_TEAM
436138,2023-12-30 15:00:00+00:00,FINISHED,20,2024-06-02T20:20:54Z,Manchester City FC,Sheffield United FC,2,0,HOME_TEAM
436142,2023-12-30 15:00:00+00:00,FINISHED,20,2024-06-02T20:20:54Z,Wolverhampton Wanderers FC,Everton FC,3,0,HOME_TEAM
436139,2023-12-30 17:30:00+00:00,FINISHED,20,2023-12-31T00:21:23Z,Nottingham Forest FC,Manchester United FC,2,1,HOME_TEAM
436135,2023-12-31 14:00:00+00:00,FINISHED,20,2023-12-31T20:21:21Z,Fulham FC,Arsenal FC,2,1,HOME_TEAM
436140,2023-12-31 14:00:00+00:00,FINISHED,20,2023-12-31T20:21:21Z,Tottenham Hotspur FC,AFC Bournemouth,3,1,HOME_TEAM
436136,2024-01-01 20:00:00+00:00,FINISHED,20,2024-06-02T20:20:54Z,Liverpool FC,Newcastle United FC,4,2,HOME_TEAM
436141,2024-01-02 19:30:00+00:00,FINISHED,20,2024-01-03T00:21:23Z,West Ham United FC,Brighton & Hove Albion FC,0,0,DRAW
436147,2024-01-12 19:45:00+00:00,FINISHED,21,2024-01-13T00:21:14Z,Burnley FC,Luton Town FC,1,1,DRAW
436148,2024-01-13 12:30:00+00:00,FINISHED,21,2024-06-02T20:20:54Z,Chelsea FC,Fulham FC,1,0,HOME_TEAM
436151,2024-01-13 17:30:00+00:00,FINISHED,21,2024-06-02T20:20:54Z,Newcastle United FC,Manchester City FC,2,3,AWAY_TEAM
436149,2024-01-14 14:00:00+00:00,FINISHED,21,2024-01-14T20:21:03Z,Everton FC,Aston Villa FC,0,0,DRAW
436150,2024-01-14 16:30:00+00:00,FINISHED,21,2024-01-14T20:21:03Z,Manchester United FC,Tottenham Hotspur FC,2,2,DRAW
436144,2024-01-20 12:30:00+00:00,FINISHED,21,2024-01-21T00:21:11Z,Arsenal FC,Crystal Palace FC,5,0,HOME_TEAM
436145,2024-01-20 17:30:00+00:00,FINISHED,21,2024-01-21T00:21:11Z,Brentford FC,Nottingham Forest FC,3,2,HOME_TEAM
436152,2024-01-21 14:00:00+00:00,FINISHED,21,2024-01-21T20:21:02Z,Sheffield United FC,West Ham United FC,2,2,DRAW
436143,2024-01-21 16:30:00+00:00,FINISHED,21,2024-06-02T20:20:54Z,AFC Bournemouth,Liverpool FC,0,4,AWAY_TEAM
436146,2024-01-22 19:45:00+00:00,FINISHED,21,2024-06-02T20:20:54Z,Brighton & Hove Albion FC,Wolverhampton Wanderers FC,0,0,DRAW
436153,2024-01-30 19:30:00+00:00,FINISHED,22,2024-01-31T00:21:10Z,Nottingham Forest FC,Arsenal FC,1,2,AWAY_TEAM
436155,2024-01-30 19:45:00+00:00,FINISHED,22,2024-01-31T00:21:10Z,Luton Town FC,Brighton & Hove Albion FC,4,0,HOME_TEAM
436156,2024-01-30 19:45:00+00:00,FINISHED,22,2024-01-31T00:21:10Z,Fulham FC,Everton FC,0,0,DRAW
436157,2024-01-30 20:00:00+00:00,FINISHED,22,2024-01-31T00:21:10Z,Crystal Palace FC,Sheffield United FC,3,2,HOME_TEAM
436158,2024-01-30 20:15:00+00:00,FINISHED,22,2024-01-31T00:21:10Z,Aston Villa FC,Newcastle United FC,1,3,AWAY_TEAM
436159,2024-01-31 19:30:00+00:00,FINISHED,22,2024-02-01T00:21:20Z,Tottenham Hotspur FC,Brentford FC,3,2,HOME_TEAM
436161,2024-01-31 19:30:00+00:00,FINISHED,22,2024-06-02T20:20:54Z,Manchester City FC,Burnley FC,3,1,HOME_TEAM
436162,2024-01-31 20:15:00+00:00,FINISHED,22,2024-06-02T20:20:54Z,Liverpool FC,Chelsea FC,4,1,HOME_TEAM
436154,2024-02-01 19:30:00+00:00,FINISHED,22,2024-02-02T00:21:18Z,West Ham United FC,AFC Bournemouth,1,1,DRAW
436160,2024-02-01 20:15:00+00:00,FINISHED,22,2024-06-02T20:20:54Z,Wolverhampton Wanderers FC,Manchester United FC,3,4,AWAY_TEAM
436169,2024-02-03 12:30:00+00:00,FINISHED,23,2024-02-04T00:21:17Z,Everton FC,Tottenham Hotspur FC,2,2,DRAW
436166,2024-02-03 15:00:00+00:00,FINISHED,23,2024-02-04T00:21:17Z,Brighton & Hove Albion FC,Crystal Palace FC,4,1,HOME_TEAM
436167,2024-02-03 15:00:00+00:00,FINISHED,23,2024-02-04T00:21:17Z,Burnley FC,Fulham FC,2,2,DRAW
436171,2024-02-03 15:00:00+00:00,FINISHED,23,2024-02-04T00:21:17Z,Newcastle United FC,Luton Town FC,4,4,DRAW
436172,2024-02-03 17:30:00+00:00,FINISHED,23,2024-02-04T00:21:17Z,Sheffield United FC,Aston Villa FC,0,5,AWAY_TEAM
436163,2024-02-04 14:00:00+00:00,FINISHED,23,2024-02-04T20:21:08Z,AFC Bournemouth,Nottingham Forest FC,1,1,DRAW
436168,2024-02-04 14:00:00+00:00,FINISHED,23,2024-06-02T20:20:54Z,Chelsea FC,Wolverhampton Wanderers FC,2,4,AWAY_TEAM
436170,2024-02-04 14:00:00+00:00,FINISHED,23,2024-02-04T20:21:08Z,Manchester United FC,West Ham United FC,3,0,HOME_TEAM
436164,2024-02-04 16:30:00+00:00,FINISHED,23,2024-06-02T20:20:54Z,Arsenal FC,Liverpool FC,3,1,HOME_TEAM
436165,2024-02-05 20:00:00+00:00,FINISHED,23,2024-06-02T20:20:54Z,Brentford FC,Manchester City FC,1,3,AWAY_TEAM
436178,2024-02-10 12:30:00+00:00,FINISHED,24,2024-06-02T20:20:54Z,Manchester City FC,Everton FC,2,0,HOME_TEAM
436175,2024-02-10 15:00:00+00:00,FINISHED,24,2024-02-11T00:20:44Z,Fulham FC,AFC Bournemouth,3,1,HOME_TEAM
436176,2024-02-10 15:00:00+00:00,FINISHED,24,2024-06-02T20:20:54Z,Liverpool FC,Burnley FC,3,1,HOME_TEAM
436177,2024-02-10 15:00:00+00:00,FINISHED,24,2024-02-11T00:20:44Z,Luton Town FC,Sheffield United FC,1,3,AWAY_TEAM
436180,2024-02-10 15:00:00+00:00,FINISHED,24,2024-02-11T00:20:44Z,Tottenham Hotspur FC,Brighton & Hove Albion FC,2,1,HOME_TEAM
436182,2024-02-10 15:00:00+00:00,FINISHED,24,2024-06-02T20:20:54Z,Wolverhampton Wanderers FC,Brentford FC,0,2,AWAY_TEAM
436179,2024-02-10 17:30:00+00:00,FINISHED,24,2024-02-11T00:20:44Z,Nottingham Forest FC,Newcastle United FC,2,3,AWAY_TEAM
436181,2024-02-11 14:00:00+00:00,FINISHED,24,2024-02-11T20:21:13Z,West Ham United FC,Arsenal FC,0,6,AWAY_TEAM
436173,2024-02-11 16:30:00+00:00,FINISHED,24,2024-02-11T20:21:13Z,Aston Villa FC,Manchester United FC,1,2,AWAY_TEAM
436174,2024-02-12 20:00:00+00:00,FINISHED,24,2024-06-02T20:20:54Z,Crystal Palace FC,Chelsea FC,1,3,AWAY_TEAM
436183,2024-02-17 12:30:00+00:00,FINISHED,25,2024-06-02T20:20:54Z,Brentford FC,Liverpool FC,1,4,AWAY_TEAM
436184,2024-02-17 15:00:00+00:00,FINISHED,25,2024-02-18T00:21:19Z,Burnley FC,Arsenal FC,0,5,AWAY_TEAM
436186,2024-02-17 15:00:00+00:00,FINISHED,25,2024-02-18T00:21:19Z,Fulham FC,Aston Villa FC,1,2,AWAY_TEAM
436189,2024-02-17 15:00:00+00:00,FINISHED,25,2024-02-18T00:21:19Z,Newcastle United FC,AFC Bournemouth,2,2,DRAW
436190,2024-02-17 15:00:00+00:00,FINISHED,25,2024-02-18T00:21:19Z,Nottingham Forest FC,West Ham United FC,2,0,HOME_TEAM
436192,2024-02-17 15:00:00+00:00,FINISHED,25,2024-06-02T20:20:54Z,Tottenham Hotspur FC,Wolverhampton Wanderers FC,1,2,AWAY_TEAM
436188,2024-02-17 17:30:00+00:00,FINISHED,25,2024-06-02T20:20:54Z,Manchester City FC,Chelsea FC,1,1,DRAW
436191,2024-02-18 14:00:00+00:00,FINISHED,25,2024-02-18T20:21:04Z,Sheffield United FC,Brighton & Hove Albion FC,0,5,AWAY_TEAM
436187,2024-02-18 16:30:00+00:00,FINISHED,25,2024-02-18T20:21:04Z,Luton Town FC,Manchester United FC,1,2,AWAY_TEAM
436185,2024-02-19 20:00:00+00:00,FINISHED,25,2024-02-20T00:21:22Z,Everton FC,Crystal Palace FC,1,1,DRAW
436118,2024-02-20 19:30:00+00:00,FINISHED,18,2024-06-02T20:20:54Z,Manchester City FC,Brentford FC,1,0,HOME_TEAM
436199,2024-02-21 19:30:00+00:00,FINISHED,26,2024-06-02T20:20:54Z,Liverpool FC,Luton Town FC,4,1,HOME_TEAM
436195,2024-02-24 15:00:00+00:00,FINISHED,26,2024-02-25T00:21:18Z,Aston Villa FC,Nottingham Forest FC,4,2,HOME_TEAM
436196,2024-02-24 15:00:00+00:00,FINISHED,26,2024-02-25T00:21:18Z,Brighton & Hove Albion FC,Everton FC,1,1,DRAW
436198,2024-02-24 15:00:00+00:00,FINISHED,26,2024-02-25T00:21:18Z,Crystal Palace FC,Burnley FC,3,0,HOME_TEAM
436200,2024-02-24 15:00:00+00:00,FINISHED,26,2024-02-25T00:21:18Z,Manchester United FC,Fulham FC,1,2,AWAY_TEAM
436193,2024-02-24 17:30:00+00:00,FINISHED,26,2024-06-02T20:20:54Z,AFC Bournemouth,Manchester City FC,0,1,AWAY_TEAM
436194,2024-02-24 20:00:00+00:00,FINISHED,26,2024-02-25T00:21:18Z,Arsenal FC,Newcastle United FC,4,1,HOME_TEAM
436202,2024-02-25 13:30:00+00:00,FINISHED,26,2024-06-02T20:20:54Z,Wolverhampton Wanderers FC,Sheffield United FC,1,0,HOME_TEAM
436201,2024-02-26 20:00:00+00:00,FINISHED,26,2024-02-27T00:21:23Z,West Ham United FC,Brentford FC,4,2,HOME_TEAM
436203,2024-03-02 15:00:00+00:00,FINISHED,27,2024-06-02T20:20:54Z,Brentford FC,Chelsea FC,2,2,DRAW
436205,2024-03-02 15:00:00+00:00,FINISHED,27,2024-03-03T00:20:27Z,Everton FC,West Ham United FC,1,3,AWAY_TEAM
436206,2024-03-02 15:00:00+00:00,FINISHED,27,2024-03-03T00:20:27Z,Fulham FC,Brighton & Hove Albion FC,3,0,HOME_TEAM
436209,2024-03-02 15:00:00+00:00,FINISHED,27,2024-06-02T20:20:54Z,Newcastle United FC,Wolverhampton Wanderers FC,3,0,HOME_TEAM
436210,2024-03-02 15:00:00+00:00,FINISHED,27,2024-06-02T20:20:54Z,Nottingham Forest FC,Liverpool FC,0,1,AWAY_TEAM
436212,2024-03-02 15:00:00+00:00,FINISHED,27,2024-03-03T00:20:27Z,Tottenham Hotspur FC,Crystal Palace FC,3,1,HOME_TEAM
436207,2024-03-02 17:30:00+00:00,FINISHED,27,2024-03-03T00:20:27Z,Luton Town FC,Aston Villa FC,2,3,AWAY_TEAM
436204,2024-03-03 13:00:00+00:00,FINISHED,27,2024-03-03T20:21:01Z,Burnley FC,AFC Bournemouth,0,2,AWAY_TEAM
436208,2024-03-03 15:30:00+00:00,FINISHED,27,2024-06-02T20:20:54Z,Manchester City FC,Manchester United FC,3,1,HOME_TEAM
436211,2024-03-04 20:00:00+00:00,FINISHED,27,2024-03-05T00:21:21Z,Sheffield United FC,Arsenal FC,0,6,AWAY_TEAM
436220,2024-03-09 12:30:00+00:00,FINISHED,28,2024-03-10T00:21:22Z,Manchester United FC,Everton FC,2,0,HOME_TEAM
436213,2024-03-09 15:00:00+00:00,FINISHED,28,2024-03-10T00:21:22Z,AFC Bournemouth,Sheffield United FC,2,2,DRAW
436218,2024-03-09 15:00:00+00:00,FINISHED,28,2024-03-10T00:21:22Z,Crystal Palace FC,Luton Town FC,1,1,DRAW
436222,2024-03-09 15:00:00+00:00,FINISHED,28,2024-06-02T20:20:54Z,Wolverhampton Wanderers FC,Fulham FC,2,1,HOME_TEAM
436214,2024-03-09 17:30:00+00:00,FINISHED,28,2024-03-10T00:21:22Z,Arsenal FC,Brentford FC,2,1,HOME_TEAM
436215,2024-03-10 13:00:00+00:00,FINISHED,28,2024-03-10T20:20:58Z,Aston Villa FC,Tottenham Hotspur FC,0,4,AWAY_TEAM
436216,2024-03-10 14:00:00+00:00,FINISHED,28,2024-03-10T20:20:58Z,Brighton & Hove Albion FC,Nottingham Forest FC,1,0,HOME_TEAM
436221,2024-03-10 14:00:00+00:00,FINISHED,28,2024-03-10T20:20:58Z,West Ham United FC,Burnley FC,2,2,DRAW
436219,2024-03-10 15:45:00+00:00,FINISHED,28,2024-06-02T20:20:54Z,Liverpool FC,Manchester City FC,1,1,DRAW
436217,2024-03-11 20:00:00+00:00,FINISHED,28,2024-06-02T20:20:54Z,Chelsea FC,Newcastle United FC,3,2,HOME_TEAM
436103,2024-03-13 19:30:00+00:00,FINISHED,17,2024-03-14T13:38:42Z,AFC Bournemouth,Luton Town FC,4,3,HOME_TEAM
436225,2024-03-16 15:00:00+00:00,FINISHED,29,2024-03-17T05:21:23Z,Burnley FC,Brentford FC,2,1,HOME_TEAM
436229,2024-03-16 15:00:00+00:00,FINISHED,29,2024-03-17T05:21:23Z,Luton Town FC,Nottingham Forest FC,1,1,DRAW
436228,2024-03-16 17:30:00+00:00,FINISHED,29,2024-03-17T05:21:23Z,Fulham FC,Tottenham Hotspur FC,3,0,HOME_TEAM
436231,2024-03-17 14:00:00+00:00,FINISHED,29,2024-03-17T20:21:07Z,West Ham United FC,Aston Villa FC,1,1,DRAW
436239,2024-03-30 12:30:00+00:00,FINISHED,30,2024-03-31T00:20:50Z,Newcastle United FC,West Ham United FC,4,3,HOME_TEAM
436233,2024-03-30 15:00:00+00:00,FINISHED,30,2024-03-31T00:20:50Z,AFC Bournemouth,Everton FC,2,1,HOME_TEAM
436236,2024-03-30 15:00:00+00:00,FINISHED,30,2024-06-02T20:20:54Z,Chelsea FC,Burnley FC,2,2,DRAW
436240,2024-03-30 15:00:00+00:00,FINISHED,30,2024-03-31T00:20:50Z,Nottingham Forest FC,Crystal Palace FC,1,1,DRAW
436241,2024-03-30 15:00:00+00:00,FINISHED,30,2024-03-31T00:20:50Z,Sheffield United FC,Fulham FC,3,3,DRAW
436242,2024-03-30 15:00:00+00:00,FINISHED,30,2024-03-31T00:20:50Z,Tottenham Hotspur FC,Luton Town FC,2,1,HOME_TEAM
436234,2024-03-30 17:30:00+00:00,FINISHED,30,2024-06-02T20:20:54Z,Aston Villa FC,Wolverhampton Wanderers FC,2,0,HOME_TEAM
436235,2024-03-30 20:00:00+00:00,FINISHED,30,2024-03-31T00:20:50Z,Brentford FC,Manchester United FC,1,1,DRAW
436237,2024-03-31 13:00:00+00:00,FINISHED,30,2024-06-02T20:20:54Z,Liverpool FC,Brighton & Hove Albion FC,2,1,HOME_TEAM
436238,2024-03-31 15:30:00+00:00,FINISHED,30,2024-06-02T20:20:54Z,Manchester City FC,Arsenal FC,0,0,DRAW
436247,2024-04-02 18:30:00+00:00,FINISHED,31,2024-04-03T00:21:32Z,Nottingham Forest FC,Fulham FC,3,1,HOME_TEAM
436250,2024-04-02 18:30:00+00:00,FINISHED,31,2024-04-03T00:21:32Z,Newcastle United FC,Everton FC,1,1,DRAW
436243,2024-04-02 18:45:00+00:00,FINISHED,31,2024-04-03T00:21:32Z,AFC Bournemouth,Crystal Palace FC,1,0,HOME_TEAM
436246,2024-04-02 18:45:00+00:00,FINISHED,31,2024-06-02T20:20:54Z,Burnley FC,Wolverhampton Wanderers FC,1,1,DRAW
436248,2024-04-02 19:15:00+00:00,FINISHED,31,2024-04-03T00:21:32Z,West Ham United FC,Tottenham Hotspur FC,1,1,DRAW
436244,2024-04-03 18:30:00+00:00,FINISHED,31,2024-04-04T00:21:33Z,Arsenal FC,Luton Town FC,2,0,HOME_TEAM
436245,2024-04-03 18:30:00+00:00,FINISHED,31,2024-04-04T00:21:33Z,Brentford FC,Brighton & Hove Albion FC,0,0,DRAW
436252,2024-04-03 19:15:00+00:00,FINISHED,31,2024-06-02T20:20:54Z,Manchester City FC,Aston Villa FC,4,1,HOME_TEAM
436251,2024-04-04 18:30:00+00:00,FINISHED,31,2024-06-02T20:20:54Z,Liverpool FC,Sheffield United FC,3,1,HOME_TEAM
436249,2024-04-04 19:15:00+00:00,FINISHED,31,2024-06-02T20:20:54Z,Chelsea FC,Manchester United FC,4,3,HOME_TEAM
436255,2024-04-06 11:30:00+00:00,FINISHED,32,2024-06-02T20:20:54Z,Crystal Palace FC,Manchester City FC,2,4,AWAY_TEAM
436253,2024-04-06 14:00:00+00:00,FINISHED,32,2024-04-07T00:21:25Z,Aston Villa FC,Brentford FC,3,3,DRAW
436256,2024-04-06 14:00:00+00:00,FINISHED,32,2024-04-07T00:21:25Z,Everton FC,Burnley FC,1,0,HOME_TEAM
436257,2024-04-06 14:00:00+00:00,FINISHED,32,2024-04-07T00:21:25Z,Fulham FC,Newcastle United FC,0,1,AWAY_TEAM
436258,2024-04-06 14:00:00+00:00,FINISHED,32,2024-04-07T00:21:25Z,Luton Town FC,AFC Bournemouth,2,1,HOME_TEAM
436262,2024-04-06 14:00:00+00:00,FINISHED,32,2024-06-02T20:20:54Z,Wolverhampton Wanderers FC,West Ham United FC,1,2,AWAY_TEAM
436254,2024-04-06 16:30:00+00:00,FINISHED,32,2024-04-07T00:21:25Z,Brighton & Hove Albion FC,Arsenal FC,0,3,AWAY_TEAM
436259,2024-04-07 14:30:00+00:00,FINISHED,32,2024-06-02T20:20:54Z,Manchester United FC,Liverpool FC,2,2,DRAW
436260,2024-04-07 16:30:00+00:00,FINISHED,32,2024-06-02T20:20:54Z,Sheffield United FC,Chelsea FC,2,2,DRAW
436261,2024-04-07 17:00:00+00:00,FINISHED,32,2024-04-08T00:21:29Z,Tottenham Hotspur FC,Nottingham Forest FC,3,1,HOME_TEAM
436270,2024-04-13 11:30:00+00:00,FINISHED,33,2024-04-14T00:21:25Z,Newcastle United FC,Tottenham Hotspur FC,4,0,HOME_TEAM
436265,2024-04-13 14:00:00+00:00,FINISHED,33,2024-04-14T00:21:25Z,Brentford FC,Sheffield United FC,2,0,HOME_TEAM
436266,2024-04-13 14:00:00+00:00,FINISHED,33,2024-04-14T00:21:25Z,Burnley FC,Brighton & Hove Albion FC,1,1,DRAW
436269,2024-04-13 14:00:00+00:00,FINISHED,33,2024-06-02T20:20:54Z,Manchester City FC,Luton Town FC,5,1,HOME_TEAM
436271,2024-04-13 14:00:00+00:00,FINISHED,33,2024-06-02T20:20:54Z,Nottingham Forest FC,Wolverhampton Wanderers FC,2,2,DRAW
436263,2024-04-13 16:30:00+00:00,FINISHED,33,2024-04-14T00:21:25Z,AFC Bournemouth,Manchester United FC,2,2,DRAW
436268,2024-04-14 13:00:00+00:00,FINISHED,33,2024-06-02T20:20:54Z,Liverpool FC,Crystal Palace FC,0,1,AWAY_TEAM
436272,2024-04-14 13:00:00+00:00,FINISHED,33,2024-04-14T20:21:08Z,West Ham United FC,Fulham FC,0,2,AWAY_TEAM
436264,2024-04-14 15:30:00+00:00,FINISHED,33,2024-04-14T20:21:08Z,Arsenal FC,Aston Villa FC,0,2,AWAY_TEAM
436267,2024-04-15 19:00:00+00:00,FINISHED,33,2024-06-02T20:20:54Z,Chelsea FC,Everton FC,6,0,HOME_TEAM
436278,2024-04-20 14:00:00+00:00,FINISHED,34,2024-04-21T00:21:23Z,Luton Town FC,Brentford FC,1,5,AWAY_TEAM
436280,2024-04-20 14:00:00+00:00,FINISHED,34,2024-04-21T00:21:23Z,Sheffield United FC,Burnley FC,1,4,AWAY_TEAM
436282,2024-04-20 18:30:00+00:00,FINISHED,34,2024-06-02T20:20:54Z,Wolverhampton Wanderers FC,Arsenal FC,0,2,AWAY_TEAM
436276,2024-04-21 12:30:00+00:00,FINISHED,34,2024-04-21T20:21:13Z,Everton FC,Nottingham Forest FC,2,0,HOME_TEAM
436273,2024-04-21 14:00:00+00:00,FINISHED,34,2024-04-21T20:21:13Z,Aston Villa FC,AFC Bournemouth,3,1,HOME_TEAM
436275,2024-04-21 14:00:00+00:00,FINISHED,34,2024-04-21T20:21:13Z,Crystal Palace FC,West Ham United FC,5,2,HOME_TEAM
436277,2024-04-21 15:30:00+00:00,FINISHED,34,2024-06-02T20:20:54Z,Fulham FC,Liverpool FC,1,3,AWAY_TEAM
436223,2024-04-23 19:00:00+00:00,FINISHED,29,2024-06-02T20:20:54Z,Arsenal FC,Chelsea FC,5,0,HOME_TEAM
436232,2024-04-24 18:45:00+00:00,FINISHED,29,2024-06-02T20:20:54Z,Wolverhampton Wanderers FC,AFC Bournemouth,0,1,AWAY_TEAM
436226,2024-04-24 19:00:00+00:00,FINISHED,29,2024-04-25T00:21:33Z,Crystal Palace FC,Newcastle United FC,2,0,HOME_TEAM
436227,2024-04-24 19:00:00+00:00,FINISHED,29,2024-06-02T20:20:54Z,Everton FC,Liverpool FC,2,0,HOME_TEAM
436230,2024-04-24 19:00:00+00:00,FINISHED,29,2024-04-25T00:21:33Z,Manchester United FC,Sheffield United FC,4,2,HOME_TEAM
436224,2024-04-25 19:00:00+00:00,FINISHED,29,2024-06-02T20:20:54Z,Brighton & Hove Albion FC,Manchester City FC,0,4,AWAY_TEAM
436291,2024-04-27 11:30:00+00:00,FINISHED,35,2024-06-02T20:20:54Z,West Ham United FC,Liverpool FC,2,2,DRAW
436286,2024-04-27 14:00:00+00:00,FINISHED,35,2024-04-28T00:21:23Z,Fulham FC,Crystal Palace FC,1,1,DRAW
436287,2024-04-27 14:00:00+00:00,FINISHED,35,2024-04-28T00:21:23Z,Manchester United FC,Burnley FC,1,1,DRAW
436288,2024-04-27 14:00:00+00:00,FINISHED,35,2024-04-28T00:21:23Z,Newcastle United FC,Sheffield United FC,5,1,HOME_TEAM
436292,2024-04-27 14:00:00+00:00,FINISHED,35,2024-06-02T20:20:54Z,Wolverhampton Wanderers FC,Luton Town FC,2,1,HOME_TEAM
436285,2024-04-27 16:30:00+00:00,FINISHED,35,2024-04-28T00:21:23Z,Everton FC,Brentford FC,1,0,HOME_TEAM
436284,2024-04-27 19:00:00+00:00,FINISHED,35,2024-06-02T20:20:54Z,Aston Villa FC,Chelsea FC,2,2,DRAW
436283,2024-04-28 13:00:00+00:00,FINISHED,35,2024-04-28T20:21:13Z,AFC Bournemouth,Brighton & Hove Albion FC,3,0,HOME_TEAM
436290,2024-04-28 13:00:00+00:00,FINISHED,35,2024-04-28T20:21:13Z,Tottenham Hotspur FC,Arsenal FC,2,3,AWAY_TEAM
436289,2024-04-28 15:30:00+00:00,FINISHED,35,2024-06-02T20:20:54Z,Nottingham Forest FC,Manchester City FC,0,2,AWAY_TEAM
436197,2024-05-02 18:30:00+00:00,FINISHED,26,2024-06-02T20:20:54Z,Chelsea FC,Tottenham Hotspur FC,2,0,HOME_TEAM
436300,2024-05-03 19:00:00+00:00,FINISHED,36,2024-05-04T00:21:30Z,Luton Town FC,Everton FC,1,1,DRAW
436293,2024-05-04 11:30:00+00:00,FINISHED,36,2024-05-05T00:21:28Z,Arsenal FC,AFC Bournemouth,3,0,HOME_TEAM
436294,2024-05-04 14:00:00+00:00,FINISHED,36,2024-05-05T00:21:28Z,Brentford FC,Fulham FC,0,0,DRAW
436296,2024-05-04 14:00:00+00:00,FINISHED,36,2024-05-05T00:21:28Z,Burnley FC,Newcastle United FC,1,4,AWAY_TEAM
436302,2024-05-04 14:00:00+00:00,FINISHED,36,2024-05-05T00:21:28Z,Sheffield United FC,Nottingham Forest FC,1,3,AWAY_TEAM
436301,2024-05-04 16:30:00+00:00,FINISHED,36,2024-06-02T20:20:54Z,Manchester City FC,Wolverhampton Wanderers FC,5,1,HOME_TEAM
436295,2024-05-05 13:00:00+00:00,FINISHED,36,2024-05-05T20:21:16Z,Brighton & Hove Albion FC,Aston Villa FC,1,0,HOME_TEAM
436297,2024-05-05 13:00:00+00:00,FINISHED,36,2024-06-02T20:20:54Z,Chelsea FC,West Ham United FC,5,0,HOME_TEAM
436299,2024-05-05 15:30:00+00:00,FINISHED,36,2024-06-02T20:20:54Z,Liverpool FC,Tottenham Hotspur FC,4,2,HOME_TEAM
436298,2024-05-06 19:00:00+00:00,FINISHED,36,2024-05-07T00:21:30Z,Crystal Palace FC,Manchester United FC,4,0,HOME_TEAM
436306,2024-05-11 11:30:00+00:00,FINISHED,37,2024-06-02T20:20:54Z,Fulham FC,Manchester City FC,0,4,AWAY_TEAM
436303,2024-05-11 14:00:00+00:00,FINISHED,37,2024-05-12T00:21:17Z,AFC Bournemouth,Brentford FC,1,2,AWAY_TEAM
436305,2024-05-11 14:00:00+00:00,FINISHED,37,2024-05-12T00:21:17Z,Everton FC,Sheffield United FC,1,0,HOME_TEAM
436308,2024-05-11 14:00:00+00:00,FINISHED,37,2024-05-12T00:21:17Z,Newcastle United FC,Brighton & Hove Albion FC,1,1,DRAW
436310,2024-05-11 14:00:00+00:00,FINISHED,37,2024-05-12T00:21:17Z,Tottenham Hotspur FC,Burnley FC,2,1,HOME_TEAM
436311,2024-05-11 14:00:00+00:00,FINISHED,37,2024-05-12T00:21:17Z,West Ham United FC,Luton Town FC,3,1,HOME_TEAM
436312,2024-05-11 14:00:00+00:00,FINISHED,37,2024-06-02T20:20:54Z,Wolverhampton Wanderers FC,Crystal Palace FC,1,3,AWAY_TEAM
436309,2024-05-11 16:30:00+00:00,FINISHED,37,2024-06-02T20:20:54Z,Nottingham Forest FC,Chelsea FC,2,3,AWAY_TEAM
436307,2024-05-12 15:30:00+00:00,FINISHED,37,2024-05-12T20:21:08Z,Manchester United FC,Arsenal FC,0,1,AWAY_TEAM
436304,2024-05-13 19:00:00+00:00,FINISHED,37,2024-06-02T20:20:54Z,Aston Villa FC,Liverpool FC,3,3,DRAW
436281,2024-05-14 19:00:00+00:00,FINISHED,34,2024-06-02T20:20:54Z,Tottenham Hotspur FC,Manchester City FC,0,2,AWAY_TEAM
436274,2024-05-15 18:45:00+00:00,FINISHED,34,2024-06-02T20:20:54Z,Brighton & Hove Albion FC,Chelsea FC,1,2,AWAY_TEAM
436279,2024-05-15 19:00:00+00:00,FINISHED,34,2024-05-16T00:21:15Z,Manchester United FC,Newcastle United FC,3,2,HOME_TEAM
436313,2024-05-19 15:00:00+00:00,FINISHED,38,2024-05-19T20:21:04Z,Arsenal FC,Everton FC,2,1,HOME_TEAM
436314,2024-05-19 15:00:00+00:00,FINISHED,38,2024-05-19T20:21:04Z,Brentford FC,Newcastle United FC,2,4,AWAY_TEAM
436315,2024-05-19 15:00:00+00:00,FINISHED,38,2024-05-19T20:21:04Z,Brighton & Hove Albion FC,Manchester United FC,0,2,AWAY_TEAM
436316,2024-05-19 15:00:00+00:00,FINISHED,38,2024-05-19T20:21:04Z,Burnley FC,Nottingham Forest FC,1,2,AWAY_TEAM
436317,2024-05-19 15:00:00+00:00,FINISHED,38,2024-06-02T20:20:54Z,Chelsea FC,AFC Bournemouth,2,1,HOME_TEAM
436318,2024-05-19 15:00:00+00:00,FINISHED,38,2024-05-19T20:21:04Z,Crystal Palace FC,Aston Villa FC,5,0,HOME_TEAM
436319,2024-05-19 15:00:00+00:00,FINISHED,38,2024-06-02T20:20:54Z,Liverpool FC,Wolverhampton Wanderers FC,2,0,HOME_TEAM
436320,2024-05-19 15:00:00+00:00,FINISHED,38,2024-05-19T20:21:04Z,Luton Town FC,Fulham FC,2,4,AWAY_TEAM
436321,2024-05-19 15:00:00+00:00,FINISHED,38,2024-06-02T20:20:54Z,Manchester City FC,West Ham United FC,3,1,HOME_TEAM
436322,2024-05-19 15:00:00+00:00,FINISHED,38,2024-05-19T20:21:04Z,Sheffield United FC,Tottenham Hotspur FC,0,3,AWAY_TEAM
