id,name,position,dateOfBirth,nationality,team
4832,David Raya,Goalkeeper,1995-09-15,Spain,Arsenal FC
5530,Aaron Ramsdale,Goalkeeper,1998-05-14,England,Arsenal FC
6154,Ben White,Defence,1997-10-08,England,Arsenal FC
7889,Oleksandr Zinchenko,Defence,1996-12-15,Ukraine,Arsenal FC
9034,Takehiro Tomiyasu,Defence,1998-11-05,Japan,Arsenal FC
23128,Gabriel,Defence,1997-12-19,Brazil,Arsenal FC
80171,William Saliba,Defence,2001-03-24,France,Arsenal FC
98816,Jurrien Timber,Defence,2001-06-17,Netherlands,Arsenal FC
133512,Riccardo Calafiori,Defence,2002-05-19,Italy,Arsenal FC
147286,Jakub Kiwior,Defence,2000-02-15,Poland,Arsenal FC
247644,Ayden Heaven,Defence,2006-09-22,England,Arsenal FC
110,Thomas Partey,Midfield,1993-06-13,Ghana,Arsenal FC
171,Kai Havertz,Midfield,1999-06-11,Germany,Arsenal FC
2094,Jorginho,Midfield,1991-12-20,Italy,Arsenal FC
7427,Martin Ødegaard,Midfield,1998-12-17,Norway,Arsenal FC
7799,Reiss Nelson,Midfield,1999-12-10,England,Arsenal FC
8215,Declan Rice,Midfield,1999-01-14,England,Arsenal FC
8984,Leandro Trossard,Midfield,1994-12-04,Belgium,Arsenal FC
61450,Martinelli,Midfield,2001-06-18,Brazil,Arsenal FC
99813,Bukayo Saka,Midfield,2001-09-05,England,Arsenal FC
112948,Fabio Vieira,Midfield,2000-05-30,Portugal,Arsenal FC
188476,Ethan Nwaneri,Midfield,2007-03-21,England,Arsenal FC
3236,Gabriel Jesus,Offence,1997-04-03,Brazil,Arsenal FC
7800,Eddie Nketiah,Offence,1999-05-30,England,Arsenal FC
15615,Kieran Tierney,Left-Back,1997-06-05,Scotland,Arsenal FC
3141,Emiliano Martínez,Goalkeeper,1992-09-02,Argentina,Aston Villa FC
15512,Robin Olsen,Goalkeeper,1990-01-08,Sweden,Aston Villa FC
81871,Joe Gauci,Goalkeeper,2000-07-04,Australia,Aston Villa FC
244962,Sam Proctor,Goalkeeper,2006-12-21,England,Aston Villa FC
3359,Lucas Digne,Defence,1993-07-20,France,Aston Villa FC
4082,Kortney Hause,Defence,1995-07-16,England,Aston Villa FC
6317,Ezri Konsa,Defence,1998-04-06,England,Aston Villa FC
8235,Tyrone Mings,Defence,1993-03-13,England,Aston Villa FC
8698,Diego Carlos,Defence,1993-03-15,Brazil,Aston Villa FC
11644,Matty Cash,Defence,1997-08-07,Poland,Aston Villa FC
32123,Alex Moreno,Defence,1993-06-08,Spain,Aston Villa FC
33109,Pau Torres,Defence,1997-01-16,Spain,Aston Villa FC
204428,Travis Patterson,Defence,2005-10-06,England,Aston Villa FC
217929,Kosta Nedeljković,Defence,2005-12-16,Serbia,Aston Villa FC
157,Leon Bailey,Midfield,1997-08-09,Jamaica,Aston Villa FC
3658,Youri Tielemans,Midfield,1997-05-07,Belgium,Aston Villa FC
3659,Leander Dendoncker,Midfield,1995-04-15,Belgium,Aston Villa FC
7817,Ross Barkley,Midfield,1993-12-05,England,Aston Villa FC
8346,Boubacar Kamara,Midfield,1999-11-23,France,Aston Villa FC
31941,Emiliano Buendía,Midfield,1996-12-25,Argentina,Aston Villa FC
34646,John McGinn,Midfield,1994-10-18,Scotland,Aston Villa FC
82140,Morgan Rogers,Midfield,2002-07-26,England,Aston Villa FC
111437,Jacob Ramsey,Midfield,2001-05-28,England,Aston Villa FC
114024,Amadou Onana,Midfield,2001-08-16,Belgium,Aston Villa FC
158894,Enzo Barrenechea,Midfield,2001-05-22,Argentina,Aston Villa FC
172632,Jaden Philogene-Bidace,Midfield,2002-02-08,England,Aston Villa FC
4444,Ollie Watkins,Offence,1995-12-30,England,Aston Villa FC
104493,Jhon Durán,Offence,2003-12-13,Colombia,Aston Villa FC
182274,Samuel Iling-Junior,Offence,2003-10-04,England,Aston Villa FC
131120,Ian Maatsen,Left-Back,2002-03-10,Netherlands,Aston Villa FC
3189,Kepa Arrizabalaga,Goalkeeper,1994-10-03,Spain,Chelsea FC
3953,Marcus Bettinelli,Goalkeeper,1992-05-24,England,Chelsea FC
121765,Đorđe Petrović,Goalkeeper,1999-10-08,Serbia,Chelsea FC
135555,Robert Sánchez,Goalkeeper,1997-11-18,Spain,Chelsea FC
153828,Filip Jörgensen,Goalkeeper,2002-04-16,Denmark,Chelsea FC
179663,Lucas Bergström,Goalkeeper,2002-09-05,Finland,Chelsea FC
246715,Max Merrick,Goalkeeper,2005-11-10,England,Chelsea FC
813,Axel Disasi,Defence,1998-03-11,France,Chelsea FC
7810,Trevoh Chalobah,Defence,1999-07-05,England,Chelsea FC
7880,Tosin Adarabioyo,Defence,1997-09-24,England,Chelsea FC
8065,Ben Chilwell,Defence,1996-12-21,England,Chelsea FC
8545,Wesley Fofana,Defence,2000-12-17,France,Chelsea FC
15863,Cucurella,Defence,1998-07-22,Spain,Chelsea FC
56628,Reece James,Defence,1999-12-08,England,Chelsea FC
152498,Malo Gusto,Defence,2003-05-19,France,Chelsea FC
170426,Benoît Badiashile,Defence,2001-03-26,France,Chelsea FC
170440,Levi Colwill,Defence,2003-02-26,England,Chelsea FC
249320,Josh Acheampong,Defence,2006-05-05,England,Chelsea FC
2074,Pedro Neto,Midfield,2000-03-09,Portugal,Chelsea FC
3329,Raheem Sterling,Midfield,1994-12-08,England,Chelsea FC
8484,Christopher Nkunku,Midfield,1997-11-14,France,Chelsea FC
98978,Mykhailo Mudryk,Midfield,2001-01-05,Ukraine,Chelsea FC
102603,Enzo Fernández,Midfield,2001-01-17,Argentina,Chelsea FC
119265,Conor Gallagher,Midfield,2000-02-06,England,Chelsea FC
121103,Moisés Caicedo,Midfield,2001-11-02,Ecuador,Chelsea FC
140194,Kiernan Dewsbury Hall,Midfield,1998-09-06,England,Chelsea FC
144892,Cole Palmer,Midfield,2002-05-06,England,Chelsea FC
167570,Carney Chukwuemeka,Midfield,2003-10-20,England,Chelsea FC
167720,Noni Madueke,Midfield,2002-03-10,England,Chelsea FC
172738,Romeo Lavia,Midfield,2004-01-06,Belgium,Chelsea FC
178769,Renato Veiga,Midfield,2003-07-29,Portugal,Chelsea FC
179558,Cesare Casadei,Midfield,2003-01-10,Italy,Chelsea FC
250364,Kiano Dyer,Midfield,2006-11-21,England,Chelsea FC
250436,Tyrique George,Midfield,2006-02-04,England,Chelsea FC
3662,Romelu Lukaku,Offence,1993-05-13,Belgium,Chelsea FC
143054,Armando Broja,Offence,2001-09-10,Albania,Chelsea FC
152515,Nicolas Jackson,Offence,2001-06-20,Senegal,Chelsea FC
160849,David Fofana,Offence,2002-12-22,Ivory Coast,Chelsea FC
203375,Deivid Washington,Offence,2005-06-05,Brazil,Chelsea FC
214417,Omari Kellyman,Offence,2005-09-25,Northern Ireland,Chelsea FC
207109,Marc Guiu,Centre-Forward,2006-01-04,Spain,Chelsea FC
152783,Ângelo Borges,Right Winger,2004-12-21,Brazil,Chelsea FC
3309,Jordan Pickford,Goalkeeper,1994-03-07,England,Everton FC
5316,Billy Crellin,Goalkeeper,2000-06-30,England,Everton FC
82207,João Virgínia,Goalkeeper,1999-10-10,Portugal,Everton FC
160451,Harry Tyrer,Goalkeeper,2001-12-06,England,Everton FC
3316,James Tarkowski,Defence,1992-11-19,England,Everton FC
3317,Ashley Young,Defence,1985-07-09,England,Everton FC
7826,Mason Holgate,Defence,1996-10-22,England,Everton FC
7829,Michael Keane,Defence,1993-01-11,England,Everton FC
7836,Séamus Coleman,Defence,1988-10-11,Ireland,Everton FC
16165,Vitalii Mykolenko,Defence,1999-05-29,Ukraine,Everton FC
114120,Jarrad Branthwaite,Defence,2002-06-27,England,Everton FC
138174,Nathan Patterson,Defence,2001-10-16,Scotland,Everton FC
3627,Idrissa Gana Guèye,Midfield,1989-09-26,Senegal,Everton FC
4220,Jack Harrison,Midfield,1996-11-20,England,Everton FC
8119,Abdoulaye Doucouré,Midfield,1993-01-01,Mali,Everton FC
11623,Dwight McNeil,Midfield,1999-11-22,England,Everton FC
101076,James Garner,Midfield,2001-03-13,England,Everton FC
169326,Tim Iroegbunam,Midfield,2002-08-12,England,Everton FC
244820,Jenson Metcalfe,Midfield,2004-09-06,England,Everton FC
264281,Harrison Armstrong,Midfield,2007-01-19,England,Everton FC
4443,Neal Maupay,Offence,1996-08-14,France,Everton FC
7839,Dominic Calvert-Lewin,Offence,1997-03-16,England,Everton FC
125044,Beto,Offence,1998-01-31,Portugal,Everton FC
188082,Youssef Chermiti,Offence,2004-05-24,Portugal,Everton FC
131569,Jake O'Brien,Centre-Back,2001-05-15,Ireland,Everton FC
94091,Iliman Ndiaye,Centre-Forward,1999-07-22,Senegal,Everton FC
81973,Jesper Lindstrøm,Attacking Midfield,2000-02-29,Denmark,Everton FC
3174,Bernd Leno,Goalkeeper,1992-03-04,Germany,Fulham FC
81055,Steven Benda,Goalkeeper,1998-10-01,Germany,Fulham FC
1836,Timothy Castagne,Defence,1995-12-05,Belgium,Fulham FC
3927,Antonee Robinson,Defence,1997-08-08,USA,Fulham FC
8296,Issa Diop,Defence,1997-01-09,France,Fulham FC
8460,Kenny Tete,Defence,1995-10-09,Netherlands,Fulham FC
146154,Calvin Bassey,Defence,1999-12-31,Nigeria,Fulham FC
3392,Alex Iwobi,Midfield,1996-05-03,Nigeria,Fulham FC
3959,Ryan Sessegnon,Midfield,2000-05-18,England,Fulham FC
3965,Tom Cairney,Midfield,1991-01-20,England,Fulham FC
3995,Harrison Reed,Midfield,1995-01-27,England,Fulham FC
4221,Adama Traoré,Midfield,1996-01-25,Spain,Fulham FC
11777,Harry Wilson,Midfield,1997-03-22,Wales,Fulham FC
32938,Saša Lukić,Midfield,1996-08-13,Serbia,Fulham FC
33153,Andreas Pereira,Midfield,1996-01-01,Brazil,Fulham FC
85570,Emile Smith Rowe,Midfield,2000-07-28,England,Fulham FC
246418,Joshua King,Midfield,2007-01-03,England,Fulham FC
3305,Raúl Jiménez,Offence,1991-05-05,Mexico,Fulham FC
37833,Carlos Vinícius,Offence,1995-03-25,Brazil,Fulham FC
137475,Jay Stansfield,Offence,2002-11-24,England,Fulham FC
138036,Rodrigo Muniz,Offence,2001-05-04,Brazil,Fulham FC
98750,Jorge Cuenca,Centre-Back,1999-11-17,Spain,Fulham FC
16268,Kevin Mbabu,Right-Back,1995-04-19,Switzerland,Fulham FC
1795,Alisson,Goalkeeper,1992-10-02,Brazil,Liverpool FC
102046,Caoimhin Kelleher,Goalkeeper,1998-11-23,Ireland,Liverpool FC
152579,Vítězslav Jaroš,Goalkeeper,2001-07-23,Czech Republic,Liverpool FC
7383,Kostas Tsimikas,Defence,1996-05-12,Greece,Liverpool FC
7862,Joe Gomez,Defence,1997-05-23,England,Liverpool FC
7867,Trent Alexander-Arnold,Defence,1998-10-07,England,Liverpool FC
7868,Andrew Robertson,Defence,1994-03-11,Scotland,Liverpool FC
7869,Virgil van Dijk,Defence,1991-07-08,Netherlands,Liverpool FC
9542,Ibrahima Konaté,Defence,1999-05-25,France,Liverpool FC
125215,Nathaniel Phillips,Defence,1997-03-21,England,Liverpool FC
135636,Rhys Williams,Defence,2001-02-03,England,Liverpool FC
175865,Conor Bradley,Defence,2003-07-09,Northern Ireland,Liverpool FC
175895,Owen Beck,Defence,2002-08-09,Wales,Liverpool FC
176718,Jarell Quansah,Defence,2003-01-29,England,Liverpool FC
186701,Stefan Bajcetic,Defence,2004-10-22,Spain,Liverpool FC
3754,Mohamed Salah,Midfield,1992-06-15,Egypt,Liverpool FC
4092,Diogo Jota,Midfield,1996-12-04,Portugal,Liverpool FC
7459,Cody Gakpo,Midfield,1999-05-07,Netherlands,Liverpool FC
7873,Curtis Jones,Midfield,2001-01-30,England,Liverpool FC
16347,Dominik Szoboszlai,Midfield,2000-10-25,Hungary,Liverpool FC
22396,Luis Díaz,Midfield,1997-01-13,Colombia,Liverpool FC
45681,Alexis Mac Allister,Midfield,1998-12-24,Argentina,Liverpool FC
124824,Harvey Elliott,Midfield,2003-04-04,England,Liverpool FC
186708,Bobby Clark,Midfield,2005-02-07,England,Liverpool FC
28612,Darwin Núñez,Offence,1999-06-24,Uruguay,Liverpool FC
81793,Ryan Gravenberch,Central Midfield,2002-05-16,Netherlands,Liverpool FC
7720,Sepp van den Berg,Centre-Back,2001-12-20,Netherlands,Liverpool FC
3269,Wataru Endō,Defensive Midfield,1993-02-09,Japan,Liverpool FC
3222,Ederson,Goalkeeper,1993-08-17,Brazil,Manchester City FC
4172,Scott Carson,Goalkeeper,1985-09-03,England,Manchester City FC
6958,Stefan Ortega Moreno,Goalkeeper,1992-11-06,Germany,Manchester City FC
143,Manuel Akanji,Defence,1995-07-19,Switzerland,Manchester City FC
3311,Kyle Walker,Defence,1990-05-28,England,Manchester City FC
3313,John Stones,Defence,1994-05-28,England,Manchester City FC
8240,Nathan Aké,Defence,1995-02-18,Netherlands,Manchester City FC
10183,Rúben Dias,Defence,1997-05-14,Portugal,Manchester City FC
122266,Joško Gvardiol,Defence,2002-01-23,Croatia,Manchester City FC
123574,Issa Kaboré,Defence,2001-05-12,Burkina Faso,Manchester City FC
65,Mateo Kovačić,Midfield,1994-05-06,Croatia,Manchester City FC
3199,Rodri,Midfield,1996-06-22,Spain,Manchester City FC
3254,Bernardo Silva,Midfield,1994-08-10,Portugal,Manchester City FC
3654,Kevin De Bruyne,Midfield,1991-06-28,Belgium,Manchester City FC
3895,Jack Grealish,Midfield,1995-09-10,England,Manchester City FC
7888,Phil Foden,Midfield,2000-05-28,England,Manchester City FC
91512,Matheus Nunes,Midfield,1998-08-27,Portugal,Manchester City FC
172956,James McAtee,Midfield,2002-10-18,England,Manchester City FC
179716,Oscar Bobb,Midfield,2003-07-12,Norway,Manchester City FC
187202,Rico Lewis,Midfield,2004-11-21,England,Manchester City FC
206743,Nico O'Reilly,Midfield,2005-03-21,England,Manchester City FC
38101,Erling Haaland,Offence,2000-07-21,Norway,Manchester City FC
179159,Maximo Perrone,Defensive Midfield,2003-01-07,Argentina,Manchester City FC
172791,Josh Wilson-Esbrand,Left-Back,2002-12-26,England,Manchester City FC
146352,Sávio,Right Winger,2004-04-10,Brazil,Manchester City FC
99775,Jeremy Doku,Left Winger,2002-05-27,Belgium,Manchester City FC
2000,João Cancelo,Right-Back,1994-05-27,Portugal,Manchester City FC
7544,André Onana,Goalkeeper,1996-04-02,Cameroon,Manchester United FC
8035,Tom Heaton,Goalkeeper,1986-04-15,England,Manchester United FC
29518,Altay Bayındır,Goalkeeper,1998-04-14,Turkey,Manchester United FC
3326,Harry Maguire,Defence,1993-03-05,England,Manchester United FC
3492,Victor Nilsson-Lindelöf,Defence,1994-07-17,Sweden,Manchester United FC
7467,Tyrell Malacia,Defence,1999-08-17,Netherlands,Manchester United FC
7898,Luke Shaw,Defence,1995-07-12,England,Manchester United FC
8014,Jonny Evans,Defence,1988-01-03,Northern Ireland,Manchester United FC
15905,Diogo Dalot,Defence,1999-03-18,Portugal,Manchester United FC
46451,Lisandro Martínez,Defence,1998-01-18,Argentina,Manchester United FC
210150,Harry Amass,Defence,2007-03-16,England,Manchester United FC
3231,Casemiro,Midfield,1992-02-23,Brazil,Manchester United FC
3257,Bruno Fernandes,Midfield,1994-09-08,Portugal,Manchester United FC
3331,Marcus Rashford,Midfield,1997-10-31,England,Manchester United FC
3459,Christian Eriksen,Midfield,1992-02-14,Denmark,Manchester United FC
7599,Mason Mount,Midfield,1999-01-10,England,Manchester United FC
7905,Scott McTominay,Midfield,1996-12-08,Scotland,Manchester United FC
97085,Antony,Midfield,2000-02-24,Brazil,Manchester United FC
122506,Facundo Pellistri,Midfield,2001-12-20,Uruguay,Manchester United FC
133584,Amad Diallo,Midfield,2002-07-11,Ivory Coast,Manchester United FC
181901,Alejandro Garnacho,Midfield,2004-07-01,Argentina,Manchester United FC
190797,Kobbie Mainoo,Midfield,2005-04-19,England,Manchester United FC
217491,Daniel Gore,Midfield,2004-09-26,England,Manchester United FC
248734,Toby Collyer,Midfield,2004-01-03,England,Manchester United FC
99731,Joshua Zirkzee,Offence,2001-05-22,Netherlands,Manchester United FC
152770,Rasmus Højlund,Offence,2003-02-04,Denmark,Manchester United FC
250421,Ethan Wheatley,Offence,2006-01-20,England,Manchester United FC
7553,Noussair Mazraoui,Right-Back,1997-11-14,Morocco,Manchester United FC
7549,Matthijs de Ligt,Centre-Back,1999-08-12,Netherlands,Manchester United FC
146,Jadon Sancho,Left Winger,2000-03-25,England,Manchester United FC
181933,Leny Yoro,Centre-Back,2005-11-13,France,Manchester United FC
169325,Hannibal Mejbri,Attacking Midfield,2003-01-21,Tunisia,Manchester United FC
3310,Nick Pope,Goalkeeper,1992-04-19,England,Newcastle United FC
4078,John Ruddy,Goalkeeper,1986-10-24,England,Newcastle United FC
5048,Mark Gillespie,Goalkeeper,1992-03-27,England,Newcastle United FC
7914,Martin Dúbravka,Goalkeeper,1989-01-15,Slovakia,Newcastle United FC
42871,Odisseas Vlachodimos,Goalkeeper,1994-04-26,Greece,Newcastle United FC
88,Fabian Schär,Defence,1991-12-20,Switzerland,Newcastle United FC
1868,Emil Krafth,Defence,1994-08-02,Sweden,Newcastle United FC
3312,Kieran Trippier,Defence,1990-09-19,England,Newcastle United FC
3962,Matt Targett,Defence,1995-09-18,England,Newcastle United FC
3998,Jamal Lewis,Defence,1998-01-25,Northern Ireland,Newcastle United FC
4393,Lloyd Kelly,Defence,1998-10-06,England,Newcastle United FC
4870,Dan Burn,Defence,1992-05-09,England,Newcastle United FC
81082,Sven Botman,Defence,2000-01-12,Netherlands,Newcastle United FC
150776,Harrison Ashby,Defence,2001-11-14,Scotland,Newcastle United FC
168712,Valentino Livramento,Defence,2002-11-12,England,Newcastle United FC
230364,Alex Murphy,Defence,2004-06-25,Ireland,Newcastle United FC
1684,Bruno Guimarães,Midfield,1997-11-16,Brazil,Newcastle United FC
2563,Sandro Tonali,Midfield,2000-05-08,Italy,Newcastle United FC
4955,Sean Longstaff,Midfield,1997-10-30,England,Newcastle United FC
7798,Joe Willock,Midfield,1999-08-20,England,Newcastle United FC
7848,Anthony Gordon,Midfield,2001-02-24,England,Newcastle United FC
7922,Isaac Hayden,Midfield,1995-03-22,England,Newcastle United FC
7934,Jacob Murphy,Midfield,1995-02-24,England,Newcastle United FC
8076,Harvey Barnes,Midfield,1997-12-09,England,Newcastle United FC
8247,Ryan Fraser,Midfield,1994-02-24,Scotland,Newcastle United FC
10653,Joelinton,Midfield,1996-08-14,Brazil,Newcastle United FC
76861,Miguel Almirón,Midfield,1994-02-10,Paraguay,Newcastle United FC
176852,Lewis Hall,Midfield,2004-09-08,England,Newcastle United FC
191939,Lewis Miley,Midfield,2006-05-01,England,Newcastle United FC
6486,Alexander Isak,Offence,1999-09-21,Sweden,Newcastle United FC
8251,Callum Wilson,Offence,1992-02-27,England,Newcastle United FC
169324,William Osula,Offence,2003-08-04,Denmark,Newcastle United FC
181158,Garang Kuol,Offence,,Australia,Newcastle United FC
